{
	"$schema" : "https://aka.ms/winget-packages.schema.2.0.json",
	"CreationDate" : "2026-03-01T02:22:00.028-00:00",
	"Sources" :
	[
		{
			"Packages" :
			[
				{
					"PackageIdentifier" : "VideoLAN.VLC"
				},
				{
					"PackageIdentifier" : "SaeraSoft.CaesiumImageCompressor"
				},
				{
					"PackageIdentifier" : "Brave.Brave"
				},
				{
					"PackageIdentifier" : "PuTTY.PuTTY"
				},
				{
					"PackageIdentifier" : "LIGHTNINGUK.ImgBurn"
				},
				{
					"PackageIdentifier" : "Insecure.Nmap"
				},
				{
					"PackageIdentifier" : "Python.Launcher"
				},
				{
					"PackageIdentifier" : "Greenshot.Greenshot"
				},
				{
					"PackageIdentifier" : "KDE.Kate"
				},
				{
					"PackageIdentifier" : "Microsoft.PowerToys"
				},
				{
					"PackageIdentifier" : "Python.Python.3.9"
				},
				{
					"PackageIdentifier" : "M2Team.NanaZip"
				},
				{
					"PackageIdentifier" : "Canva.Affinity"
				},
				{
					"PackageIdentifier" : "lin-ycv.EverythingCmdPal"
				}
			],
			"SourceDetails" :
			{
				"Argument" : "https://cdn.winget.microsoft.com/cache",
				"Identifier" : "Microsoft.Winget.Source_8wekyb3d8bbwe",
				"Name" : "winget",
				"Type" : "Microsoft.PreIndexed.Package"
			}
		}
	],
	"WinGetVersion" : "1.28.190"
}
