{"applied-layouts":[{"device":{"monitor":"DELD116","monitor-instance":"5&2515693&0&UID4354","serial-number":"91VRFZ3","monitor-number":5,"virtual-desktop":"{B3C4C852-EF39-4E64-9FDD-475434332E0C}"},"applied-layout":{"uuid":"{00000000-0000-0000-0000-000000000000}","type":"priority-grid","show-spacing":true,"spacing":16,"zone-count":3,"sensitivity-radius":20}},{"device":{"monitor":"AUO18A7","monitor-instance":"4&35a7609e&0&UID8388688","serial-number":"0","monitor-number":1,"virtual-desktop":"{B3C4C852-EF39-4E64-9FDD-475434332E0C}"},"applied-layout":{"uuid":"{2BDF0D84-4DAA-43DA-8776-535E47AE997A}","type":"columns","show-spacing":true,"spacing":16,"zone-count":3,"sensitivity-radius":20}},{"device":{"monitor":"\\\\.\\DISPLAY5","monitor-instance":"","serial-number":"","monitor-number":0,"virtual-desktop":"{B3C4C852-EF39-4E64-9FDD-475434332E0C}"},"applied-layout":{"uuid":"{00000000-0000-0000-0000-000000000000}","type":"priority-grid","show-spacing":true,"spacing":16,"zone-count":3,"sensitivity-radius":20}}]}